{"Name": {"answer": ["smith", "john"], "time": 1708798258.8788083}, "Age": {"answer": -1, "time": 1708798280.1392314}, "Current Degree": {"answer": "doctorate", "time": 1708798283.1587257}, "Prior Institutions": {"answer": ["usc", "umich", "other"], "time": 1708798298.1887238}, "Programming Experience": {"answer": 10, "time": 1708798306.092605}, "Comment": {"answer": "college.  I know c++ and python", "time": 1708798309.825675}}