{"Name": {"answer": ["Manning", "Peyton"], "time": 1708798420.0871553}, "Age": {"answer": 45, "time": 1708798430.7133014}, "Current Degree": {"answer": "undergraduate", "time": 1708798432.8834789}, "Prior Institutions": {"answer": ["tennessee", "georgia"], "time": 1708798437.2031016}, "Programming Experience": {"answer": 0, "time": 1708798445.3631327}, "Comment": {"answer": "", "time": 1708798450.1959696}}