{"Name": {"answer": ["Johnsen", "Kyle"], "time": 1708729034.5633492}, "Age": {"answer": 42, "time": 1708729037.2595313}, "Current Degree": {"answer": "masters", "time": 1708729038.3313591}, "Prior Institutions": {"answer": ["uga", "ufl"], "time": 1708729041.4760137}, "Programming Experience": {"answer": 10, "time": 1708729047.0994296}, "Comment": {"answer": "teaching", "time": 1708729051.7732725}}