{"Name": {"answer": ["beyette", "fred"], "time": 1708798455.3269858}, "Age": {"answer": 60, "time": 1708798464.5689075}, "Current Degree": {"answer": "doctorate", "time": 1708798466.6262336}, "Prior Institutions": {"answer": ["uga", "cincinnatti"], "time": 1708798469.5616114}, "Programming Experience": {"answer": 8, "time": 1708798482.7134845}, "Comment": {"answer": "teaching topics like python and c++", "time": 1708798485.7459965}}