{"Name": {"answer": ["", "Prince"], "time": 1708798653.3050485}, "Age": {"answer": -1, "time": 1708798658.3871481}, "Current Degree": {"answer": "undergraduate", "time": 1708798666.6488543}, "Prior Institutions": {"answer": ["minneapolis central high school"], "time": 1708798672.3296373}, "Programming Experience": {"answer": 0, "time": 1708798700.394066}, "Comment": {"answer": "", "time": 1708798706.2742574}}