{"Name": {"answer": ["Bowers", "Brook"], "time": 1708798555.699143}, "Age": {"answer": -1, "time": 1708798566.7889645}, "Current Degree": {"answer": "undergraduate", "time": 1708798572.523276}, "Prior Institutions": {"answer": ["uga", "barry"], "time": 1708798577.2977211}, "Programming Experience": {"answer": 9, "time": 1708798582.186082}, "Comment": {"answer": "unity c#, teaching doing research", "time": 1708798588.2666478}}