{"Name": {"answer": ["Rodriguez Sanchez", "Javier"], "time": 1708798610.649313}, "Age": {"answer": 30, "time": 1708798627.2027209}, "Current Degree": {"answer": "doctorate", "time": 1708798629.715073}, "Prior Institutions": {"answer": ["uga", "other"], "time": 1708798631.8327777}, "Programming Experience": {"answer": 10, "time": 1708798636.1852462}, "Comment": {"answer": "doing my research python c++", "time": 1708798641.042176}}