{"Name": {"answer": ["Johnsen", "Claire"], "time": 1708788185.240854}, "Age": {"answer": 12, "time": 1708788190.8751853}, "Current Degree": {"answer": "undergraduate", "time": 1708788194.2266495}, "Prior Institutions": {"answer": ["UGA"], "time": 1708788197.8027859}, "Programming Experience": {"answer": 0, "time": 1708788200.363618}, "Comment": {"answer": "", "time": 1708788211.4748573}}